EpochGMT,Holiday name,Holiday type
1451606400,New Year's Day,National holiday
1451692800,New Year's weekend,Common Local holidays
1451779200,New Year's weekend,Common Local holidays
1454803200,Spring Festival Eve,National holiday
1454889600,Chinese New Year,National holiday
1454976000,Spring Festival Golden Week holiday,National holiday
1455062400,Spring Festival Golden Week holiday,Common Local holidays
1455148800,Spring Festival Golden Week holiday,Common Local holidays
1455235200,Spring Festival Golden Week holiday,National holiday
1455235200,Spring Festival Golden Week holiday,Common Local holidays
1455321600,Spring Festival Golden Week holiday,Common Local holidays
1455321600,Spring Festival Golden Week holiday,National holiday
1456099200,Lantern Festival,Observance
1457395200,International Women's Day,Observance
1457568000,Zhonghe Festival,Observance
1457740800,Arbor Day,Observance
1458432000,March equinox,Season
1459555200,Qing Ming Jie,National holiday
1459641600,Qing Ming Jie holiday,National holiday
1461974400,Labour Day Holiday,National holiday
1462060800,Labour Day,National holiday
1462147200,Labour Day Holiday,National holiday
1462320000,Youth Day,Observance
1464739200,Children's Day,Observance
1465430400,Dragon Boat Festival,National holiday
1465516800,Dragon Boat Festival holiday,National holiday
1465603200,Dragon Boat Festival holiday,National holiday
1466380800,June Solstice,Season
1467331200,CPC Founding Day,Observance
1468195200,Maritime Day,Observance
1470009600,Army Day,Observance
1470700800,Double Seven Festival,Observance
1471392000,Spirit Festival,Observance
1473465600,Teachers' Day,Observance
1473897600,Mid-Autumn Festival,National holiday
1473984000,Mid-Autumn Festival holiday,National holiday
1474070400,Mid-Autumn Festival holiday,National holiday
1474502400,September equinox,Season
1475280000,National Day,National holiday
1475366400,National Day Golden Week holiday,National holiday
1475452800,National Day Golden Week holiday,National holiday
1475539200,National Day Golden Week holiday,Common Local holidays
1475625600,National Day Golden Week holiday,Common Local holidays
1475712000,National Day Golden Week holiday,Common Local holidays
1475798400,National Day Golden Week holiday,Common Local holidays
1475971200,Double Ninth Festival,Observance
1478563200,Journalists' Day,Observance
1482278400,December Solstice,Season
1482624000,Christmas Day,Observance